hostGroupId,hostId
01244918509503385600000000000000,421D8A7B6FD111EA802244A87B201C70
01244918509503385600000000000000,421D8A7B72F511EA9F8F44A8733A0BA2
01244968154548015104000000000000,421D8A7B6FD111EA802244A872C4F870
01244968154548015104000000000000,421D8A7B6FD111EA802244A87B201C70
01244968154548015104000000000000,421D8A7B6FD111EA802244A892F25AFC
01244968154548015104000000000000,421D8A7B6FD111EA802244A8951170B6
01244968154548015104000000000000,421D8A7B722211EA9F8F44A8DB38FAA2
01244968154548015104000000000000,421D8A7B72EF11EA9F8F44A8EC5295D2
01244968154548015104000000000000,421D8A7B72F511EA9F8F44A81F9D4B94
01244968154548015104000000000000,421D8A7B72F511EA9F8F44A8733A0BA2
01244968154548015104000000000000,674D719E383048F1AC29920EA30C8C3E
29D9E0D6370633C31DAC83CECA8439C8,421D8A7B6FD111EA802244A87B201C70
5B8B681F258248C283632251D4B6E8C7,421D8A7B757411EAB05C44A8EDE842C0
66936B57702129857B2FB9EF6BCB71AB,421D8A7B6FD111EA802244A8799E6F00
66936B57702129857B2FB9EF6BCB71AB,421D8A7B6FD111EA802244A87A19E1F8
66936B57702129857B2FB9EF6BCB71AB,421D8A7B6FD111EA802244A888DB109A
66936B57702129857B2FB9EF6BCB71AB,421D8A7B72F011EA9F8F44A8068BFC9A
66936B57702129857B2FB9EF6BCB71AB,421D8A7B72F011EA9F8F44A8068CA9A6
66936B57702129857B2FB9EF6BCB71AB,421D8A7B72F011EA9F8F44A8068D3966
66936B57702129857B2FB9EF6BCB71AB,421D8A7B72F011EA9F8F44A8068EBE30
66936B57702129857B2FB9EF6BCB71AB,421D8A7B72F511EA9F8F44A888485148
66936B57702129857B2FB9EF6BCB71AB,421D8A7B72F511EA9F8F44A8978A53F4
66936B57702129857B2FB9EF6BCB71AB,421D8A7B72F511EA9F8F44A8A1E9EC56
66936B57702129857B2FB9EF6BCB71AB,421D8A7B73AE11EABC2D44A8F42395B2
66936B57702129857B2FB9EF6BCB71AB,421D8A7B73E411EAB05C44A856990D0A
66936B57702129857B2FB9EF6BCB71AB,5B9366B0BF5E46958A1C19CD905258D9
68C5012001BF47D8B37DAE714F3D05E9,421D8A7B72F511EA9F8F44A8733A0BA2
68C5012001BF47D8B37DAE714F3D05E9,421D8A7B73E411EAB05C44A856990D0A
7B87E623416149EB80072DE7112240D0,421D8A7B72F511EA9F8F44A8733A0BA2
7B87E623416149EB80072DE7112240D0,421D8A7B73E411EAB05C44A856990D0A
7B87E623416149EB80072DE7112240D0,421D8A7B74AC11EAB05C44A8996262C6
