host_id,ip
01193082386443800576000000000000,192.168.5.110
01193082785926090752000000000000,192.168.5.111
01194514621030076416000000000000,192.168.1.175
01194535594047442944000000000000,192.168.5.21
01201394969445797888000000000000,192.168.0.0
2985CF7929ED11EA941C000CEBEBC8C0,192.168.0.51
2985CF792AB811EA941C000CFCCF7314,192.168.2.186
2985CF792B7C11EA941C000C26DE59AE,192.168.0.23
2985CF7930F011EA941C000C56C8DCD8,192.168.2.228
2ACC2DE3A4DAFBDD6341A95053A26EB4,192.168.5.105
DE50F247778D65D08080486F960DD4F1,192.168.5.104
E1A300B04554DA86EB21D734AB62029E,192.168.5.102
2985CF79292311EAA9F2000CA974B9AE,192.168.0.242
2985CF79292411EAA9F2000C17F1287C,192.168.3.212
2985CF79292411EAA9F2000CB4808142,192.168.3.114
2985CF79292411EAA9F2000CB48A6496,192.168.3.141
2985CF79292411EAA9F2000CB398404E,192.168.0.73
2985CF792D1911EA941C000C826B5396,192.168.3.124
2985CF79292411EAA9F2000CB451BBFA,192.168.2.207
2985CF79292411EAA9F2000CB482A3F0,192.168.3.117
2985CF79292411EAA9F2000CB3DBDE4E,192.168.1.36
2985CF79292411EAA9F2000CB4A7B528,192.168.3.166
2985CF79292311EAA9F2000C34DB095E,192.168.3.142
2985CF792ABA11EA941C000C30622374,192.168.3.115
2985CF792ABA11EA941C000C30652AD8,192.168.3.116
2985CF792B8411EA941C000CCB5038C4,192.168.3.112
2985CF792D1911EA941C000C8244C50A,192.168.2.62
2985CF79302A11EA941C000C7BD4BBDA,192.168.1.110
2985CF79292411EAA9F2000CB47A142E,192.168.3.106
2985CF79292411EAA9F2000C17F61666,192.168.3.241
2985CF79292411EAA9F2000C17F92C0C,192.168.3.240
2985CF79292311EAA9F2000CA976CF46,192.168.0.6
2985CF79292411EAA9F2000CB4B5C2BC,192.168.3.208
2985CF79292411EAA9F2000CB3CCB860,192.168.0.238
2985CF79292411EAA9F2000CB37D5CCA,192.168.0.36
2985CF79292411EAA9F2000CB388FA26,192.168.0.56
2985CF79292311EAA9F2000CA97A8E60,192.168.0.68
2985CF79292411EAA9F2000CB3B3BE32,192.168.0.107
2985CF79292411EAA9F2000CB376EF84,192.168.0.29
2985CF79292411EAA9F2000CB3B5D406,192.168.0.108
2985CF79292411EAA9F2000CB48E23C4,192.168.3.143
2985CF79292411EAA9F2000CB4923B44,192.168.3.144
2985CF79292411EAA9F2000CB4030ECE,192.168.2.53
2985CF792EAD11EA941C000CE42EB632,192.168.0.251
2985CF79292411EAA9F2000CB3D1F500,192.168.0.247
2985CF79292411EAA9F2000CB4067FC8,192.168.2.69
2985CF79312411EA941C000C7475913E,192.168.2.61
2985CF79292411EAA9F2000CB3740D8C,192.168.0.22
2985CF79292411EAA9F2000CB3D9792E,192.168.2.10
2985CF79292411EAA9F2000CB3D4A5A2,192.168.0.250
2985CF79292411EAA9F2000CB4280BE8,192.168.2.115
2985CF792ABA11EA941C000C3024D712,192.168.0.188
2985CF79292411EAA9F2000CB3B8942A,192.168.0.110
2985CF79292411EAA9F2000CB3EE14F6,192.168.2.12
2985CF79292411EAA9F2000CB433960C,192.168.2.137
2985CF79292411EAA9F2000C17ECC7AA,192.168.2.169
2985CF79310C11EA941C000CB505E176,192.168.2.74
2985CF79294811EA941C000C83FFD67A,192.168.2.54
2985CF79292411EAA9F2000CB3FC9850,192.168.2.50
2985CF79292411EAA9F2000CB3F36F0A,192.168.2.21
2985CF79292411EAA9F2000CB4258C1A,192.168.2.110
2985CF79292411EAA9F2000CB415532C,192.168.2.88
2985CF79292411EAA9F2000CB40C69C4,192.168.2.73
2985CF79292411EAA9F2000CB466E57A,192.168.3.71
2985CF79292411EAA9F2000CB46834D4,192.168.3.72
2985CF79292411EAA9F2000CB469BC1E,192.168.3.73
2985CF79292411EAA9F2000CB46B3FC6,192.168.3.74
2985CF79292411EAA9F2000CB46CD656,192.168.3.75
2985CF79292411EAA9F2000CB46E5562,192.168.3.76
2985CF79292411EAA9F2000CB46FDA68,192.168.3.77
2985CF79292411EAA9F2000CB47128E6,192.168.3.78
2985CF79292411EAA9F2000CB4728A88,192.168.3.79
2985CF79292411EAA9F2000CB473F4C2,192.168.3.80
2985CF79292411EAA9F2000CB4647E2A,192.168.3.70
2985CF792C4E11EA941C000CEB1D117A,192.168.2.32
2985CF79292411EAA9F2000CB45D0384,192.168.3.19
2985CF792C4E11EA941C000C5604D7A8,192.168.2.164
2985CF79292311EAA9F2000C47373032,192.168.0.85
2985CF79292411EAA9F2000CB3839F36,192.168.0.38
2985CF7929EF11EA941C000C0F74F2E8,192.168.3.30
2985CF79292411EAA9F2000C1AAD23FE,192.168.3.21
2985CF79292411EAA9F2000C67E49030,192.168.2.248
2985CF792ABA11EA941C000C3002D770,192.168.0.14
2985CF79292411EAA9F2000CB390EA06,192.168.0.69
2985CF79292311EAA9F2000CA97897B8,192.168.2.242
2985CF792B8411EA941C000C2D505172,192.168.2.239
2985CF79292411EAA9F2000CB3B0E248,192.168.0.106
2985CF79292411EAA9F2000CB39AD9F8,192.168.2.195
2985CF79292411EAA9F2000CB3950898,192.168.0.72
2985CF79292411EAA9F2000CB475A15A,192.168.3.107
2985CF792D1911EA941C000C82540786,192.168.2.165
2985CF792DE311EA941C000CDD9759C0,192.168.2.253
2985CF79292411EAA9F2000CB39F5D34,192.168.0.80
1F0AAE4DDE734C55BA0EC95907113B38,192.168.0.3
2985CF79292311EAA9F2000C472D6E58,192.168.0.39
2985CF79292411EAA9F2000CB39CB5CA,192.168.0.76
2985CF792B6811EA941C000CB19B24FA,192.168.0.137
2985CF792D1511EA941C000CCFAD608A,192.168.2.63
2985CF79304211EA941C000CA2CE5616,192.168.2.153
2985CF792D1911EA941C000C825E448A,192.168.2.245
2985CF79292411EAA9F2000CB4612176,192.168.3.60
2985CF7931D611EA941C000CEB87DF7C,192.168.2.70
2985CF79292411EAA9F2000CB3F61016,192.168.2.22
2985CF79292411EAA9F2000CB4556CD2,192.168.0.133
2985CF79292411EAA9F2000CB422DDC6,192.168.2.108
2985CF79292411EAA9F2000CB37AAB92,192.168.0.30
2985CF79292411EAA9F2000CB4AD8B06,192.168.3.198
2985CF79292311EAA9F2000C3E03645E,192.168.0.120
2985CF792ABA11EA941C000C305827C0,192.168.2.244
2985CF79292411EAA9F2000CB4B1B212,192.168.3.200
2985CF79292411EAA9F2000CB41DBE04,192.168.2.99
2985CF79292411EAA9F2000CB3BBB83A,192.168.0.112
2985CF792B8411EA941C000CCB45BF0C,192.168.2.220
2985CF792B8411EA941C000CCB37EC7E,192.168.2.160
2985CF792B8411EA941C000CCB3F525C,192.168.2.183
2985CF79292311EAA9F2000CA92A6D68,192.168.0.86
2985CF79292411EAA9F2000CB3A13622,192.168.0.82
2985CF79292411EAA9F2000CB36C1794,192.168.0.20
2985CF79292411EAA9F2000CB380C8A6,192.168.0.37
2985CF79292411EAA9F2000CB3BFF986,192.168.0.130
2985CF79292411EAA9F2000CB4115164,192.168.2.79
2985CF79292411EAA9F2000CB38C4550,192.168.0.57
2985CF792B6411EA941C000CA76962E8,192.168.0.61
2985CF792ABA11EA941C000C3055C912,192.168.2.226
2985CF79292411EAA9F2000CB3C2DB74,192.168.0.139
2985CF79292411EAA9F2000CB484F506,192.168.3.167
2985CF79292411EAA9F2000CB3D768A0,192.168.0.253
2985CF792ABA11EA941C000C304E0F6A,192.168.2.192
2985CF79292411EAA9F2000CB3C7B2B6,192.168.0.231
2985CF79292411EAA9F2000CB42BE862,192.168.2.124
2985CF79292411EAA9F2000CB42FD760,192.168.2.126
2985CF7931D611EA941C000CEB92C0C2,192.168.2.96
2985CF7929EF11EA941C000C0F500C62,192.168.2.140
2985CF79292411EAA9F2000CB400284E,192.168.2.51
2985CF79292411EAA9F2000CB41A3810,192.168.2.93
2985CF79292411EAA9F2000CB409E866,192.168.2.72
2985CF79292411EAA9F2000CB40ED8BC,192.168.2.77
2985CF79292411EAA9F2000CB4170A5A,192.168.2.92
2985CF79292411EAA9F2000CB43BE528,192.168.2.172
2985CF79292411EAA9F2000CB3F0A57C,192.168.2.14
2985CF79310C11EA941C000CB50B3E00,192.168.2.94
2985CF79292411EAA9F2000CB448E76E,192.168.2.197
2985CF79292411EAA9F2000CB436ECF8,192.168.2.143
2985CF79292411EAA9F2000CB4AB8824,192.168.3.191
2985CF79292411EAA9F2000CB4A16858,192.168.3.154
2985CF79292411EAA9F2000CB47801A2,192.168.3.104
2985CF79292411EAA9F2000CB47E157E,192.168.3.111
2985CF79292411EAA9F2000CB43F57A8,192.168.2.179
2985CF79292411EAA9F2000CB499954C,192.168.3.152
2985CF79292411EAA9F2000CB4A49DF2,192.168.3.157
2985CF79292411EAA9F2000CB496828A,192.168.3.150
2985CF79292411EAA9F2000CB49CE300,192.168.3.153
2985CF7929EF11EA941C000C0F94C6EA,192.168.3.123
2985CF79292411EAA9F2000C17F3B16E,192.168.3.140
2985CF79292411EAA9F2000CB3ACD856,192.168.0.90
2985CF792AB811EA941C000C9D4A8BCC,192.168.0.40
2985CF79310C11EA941C000CB4E18DDA,192.168.0.88
2985CF79292411EAA9F2000CB3A41E00,192.168.0.84
2985CF79292411EAA9F2000CB4203558,192.168.2.101
2985CF7931D611EA941C000CEB956D18,192.168.2.106
2985CF79292411EAA9F2000CB3F7EAE4,192.168.2.39
2985CF792DE311EA941C000CDD7E56B4,192.168.2.60
2985CF792ABA11EA941C000C305B1CF0,192.168.3.11
2985CF79292411EAA9F2000CB3E1A126,192.168.1.243
2985CF79292411EAA9F2000CB367BFC8,192.168.0.15
2985CF79292311EAA9F2000C396F43F4,192.168.0.21
2985CF79292311EAA9F2000CA97C7536,192.168.1.111
2985CF79292411EAA9F2000CB4A999E2,192.168.3.178
2985CF79310C11EA941C000CB4CDE424,192.168.0.1
2985CF79292411EAA9F2000CB353C00E,192.168.2.81
2985CF79292411EAA9F2000CB363C6B6,192.168.0.7
2985CF79292411EAA9F2000CB44CC0DC,192.168.2.199
2985CF79292311EAA9F2000C4739484A,192.168.1.143
2985CF79292411EAA9F2000CB3C49784,192.168.0.140
